,user_id,name
0,1,Kylie Johnson
1,2,Daniel Walker
2,3,Aisha Patel
3,4,Lucas Anderson
4,5,Samantha Roberts
5,6,Olivia Anderson
6,7,Daniel Rodriguez
7,8,Sophie Mitchell
8,9,Antonio Rossi
9,10,Maria Hernandez
10,11,Olivia Davis
11,12,Akira Tanaka
12,13,Elena Santos
13,14,Rico Hernandez
14,15,Carmen Reyes
15,16,Nina Phan
16,17,Trevor Smith
17,18,Lana Wilson
18,19,Aung Zaw
19,20,Khine Maung
20,21,Thida Htwe
21,22,Jiyoung Kim
22,23,Hyejin Lee
23,24,Minwoo Park
24,25,Chen Wei
25,26,Li Mei
26,27,Huang Ming
27,28,Siti Rahman
28,29,Ahmad Abdullah
29,30,Aisyah Jamal
30,31,Hassan Ahmad
31,32,Antonio Santos
32,33,Kai Williams
33,34,Leilani Wong
34,35,Kai Johnson
35,36,Yuki Nakamura
36,37,Hiroshi Tanaka
37,38,Luis Hernandez
38,39,Elena Rodriguez
39,40,Carlos Martinez
40,41,Alejandro Vargas
41,42,Isabella Cruz
42,43,Santiago Ramirez
43,44,Aida Teferi
44,45,Yared Mulugeta
45,46,Lalibela Mengistu
46,47,Seo Yeon
47,48,Min Jun
48,49,Hye Jin
49,50,Wei Chen
50,51,Lily Wang
51,52,Andrew Li
52,53,Li Wei
53,54,Wang Lei
54,55,Liu Jing
55,56,Isabella Rossi
56,57,Minh Nguyen
57,58,Linh Tran
58,59,Phuong Nguyen
59,60,Liang Chen
60,61,Wei Ling
61,62,Sunita Thapa
62,63,Roshan Gurung
63,64,Yumi Nakamura
64,65,Kenji Suzuki
65,66,Daniel Lee
66,67,Olivia Kim
67,68,Michael Kim
68,69,Miriam Cohen
69,70,Eli Goldberg
70,71,Sarah Levy
71,72,Sara Davis
72,73,David Anderson
73,74,Emily Roberts
74,75,Emma Roberts
75,76,Daniel Adams
76,77,Sophia Mitchell
77,78,Ethan Anderson
78,79,Isabella Carter
79,80,Olivia Walker
80,81,Marco Rossi
81,82,Isabelle Lefevre
82,83,Marcel Dubois
83,84,Isabelle Leclerc
84,85,Henri Laurent
85,86,Jacques Dubois
